-- insert data into department
INSERT INTO `department` (`department_id`, `name`, `capacity`)
VALUES
    (1, 'Computer Science and Engineering', 100),
    (2, 'Information Technology', 80),
    (3, 'Electronics and Communication Engineering', 60),
    (4, 'Artificial Intelligence and Machine Learning', 40),
    (5, 'Cyber Security', 20);

INSERT INTO `department_seq` (`next_val`) VALUES (51);

-- insert data into employee
INSERT INTO `employee` (`id`, `email`, `employee_id`, `first_name`, `last_name`, `photograph_path`, `title`, `department_id`)
VALUES
    (1, 'john.doe1@example.com', 'EMP101', 'John', 'Doe', '1.jpeg', 'Software Engineer', 1),
    (2, 'jane.smith1@example.com', 'EMP102', 'Jane', 'Smith', '2.jpeg', 'Project Manager', 1),
    (3, 'michael.johnson1@example.com', 'EMP103', 'Michael', 'Johnson', '3.jpeg', 'Data Scientist', 1),
    (4, 'emily.brown1@example.com', 'EMP104', 'Emily', 'Brown', '4.jpeg', 'UI/UX Designer', 1),
    (5, 'david.lee1@example.com', 'EMP105', 'David', 'Lee', '5.jpeg', 'DevOps Engineer', 1),
    (6, 'john.doe2@example.com', 'EMP201', 'John', 'Doe', '6.jpeg', 'Network Engineer', 2),
    (7, 'jane.smith2@example.com', 'EMP202', 'Jane', 'Smith', '7.jpeg', 'System Administrator', 2),
    (8, 'michael.johnson2@example.com', 'EMP203', 'Michael', 'Johnson', '8.jpeg', 'Cyber Security Analyst', 2),
    (9, 'emily.brown2@example.com', 'EMP204', 'Emily', 'Brown', '9.jpeg', 'Cloud Architect', 2),
    (10, 'david.lee2@example.com', 'EMP205', 'David', 'Lee', '10.jpeg', 'IT Support Specialist', 2),
    (11, 'john.doe3@example.com', 'EMP301', 'John', 'Doe', '11.jpeg', 'Electronics Engineer', 3),
    (12, 'jane.smith3@example.com', 'EMP302', 'Jane', 'Smith', '12.jpeg', 'Communication Engineer', 3),
    (13, 'michael.johnson3@example.com', 'EMP303', 'Michael', 'Johnson', '13.jpeg', 'VLSI Designer', 3),
    (14, 'emily.brown3@example.com', 'EMP304', 'Emily', 'Brown', '14.jpeg', 'Embedded Systems Engineer', 3),
    (15, 'david.lee3@example.com', 'EMP305', 'David', 'Lee', '15.jpeg', 'Signal Processing Engineer', 3),
    (16, 'john.doe4@example.com', 'EMP401', 'John', 'Doe', '16.jpeg', 'Machine Learning Engineer', 4),
    (17, 'jane.smith4@example.com', 'EMP402', 'Jane', 'Smith', '17.jpeg', 'AI Researcher', 4),
    (18, 'michael.johnson4@example.com', 'EMP403', 'Michael', 'Johnson', '18.jpeg', 'Data Analyst', 4),
    (19, 'emily.brown4@example.com', 'EMP404', 'Emily', 'Brown', '19.jpeg', 'Data Engineer', 4),
    (20, 'david.lee4@example.com', 'EMP405', 'David', 'Lee', '20.jpeg', 'Robotics Engineer', 4),
    (21, 'john.doe5@example.com', 'EMP501', 'John', 'Doe', '21.jpeg', 'Cyber Security Analyst', 5),
    (22, 'jane.smith5@example.com', 'EMP502', 'Jane', 'Smith', '22.jpeg', 'Ethical Hacker', 5),
    (23, 'michael.johnson5@example.com', 'EMP503', 'Michaela', 'Johnson', '23.jpeg', 'Network Security Engineer', 5),
    (24, 'emily.brown5@example.com', 'EMP504', 'David', 'Brown', '24.jpeg', 'Penetration Tester', 5),
    (25, 'david.lee5@example.com', 'EMP505', 'Emily', 'Lee', '25.jpeg', 'Incident Response Analyst', 5);

INSERT INTO `employee_seq` (`next_val`) VALUES (51);

-- insert data into employee_salary
INSERT INTO `employee_salary` (`id`, `amount`, `description`, `payment_date`, `employee_id`)
VALUES
    (1, 50000, 'Monthly Salary', '2023-11-28', 1),
    (2, 10000, 'Bonus', '2023-12-25', 1),
    (3, 500, 'Reimbursement', '2023-11-15', 1),
    (4, 60000, 'Monthly Salary', '2023-11-28', 2),
    (5, 12000, 'Bonus', '2023-12-25', 2),
    (6, 600, 'Reimbursement', '2023-11-15', 2),
    (7, 70000, 'Monthly Salary', '2023-11-28', 3),
    (8, 14000, 'Bonus', '2023-12-25', 3),
    (9, 700, 'Reimbursement', '2023-11-15', 3),
    (10, 80000, 'Monthly Salary', '2023-11-28', 4),
    (11, 16000, 'Bonus', '2023-12-25', 4),
    (12, 800, 'Reimbursement', '2023-11-15', 4),
    (13, 90000, 'Monthly Salary', '2023-11-28', 5),
    (14, 18000, 'Bonus', '2023-12-25', 5),
    (15, 900, 'Reimbursement', '2023-11-15', 5),
    (16, 55000, 'Monthly Salary', '2023-11-28', 6),
    (17, 11000, 'Bonus', '2023-12-25', 6),
    (18, 550, 'Reimbursement', '2023-11-15', 6),
    (19, 65000, 'Monthly Salary', '2023-11-28', 7),
    (20, 13000, 'Bonus', '2023-12-25', 7),
    (21, 650, 'Reimbursement', '2023-11-15', 7),
    (22, 75000, 'Monthly Salary', '2023-11-28', 8),
    (23, 15000, 'Bonus', '2023-12-25', 8),
    (24, 750, 'Reimbursement', '2023-11-15', 8),
    (25, 85000, 'Monthly Salary', '2023-11-28', 9),
    (26, 17000, 'Bonus', '2023-12-25', 9),
    (27, 850, 'Reimbursement', '2023-11-15', 9),
    (28, 95000, 'Monthly Salary', '2023-11-28', 10),
    (29, 19000, 'Bonus', '2023-12-25', 10),
    (30, 950, 'Reimbursement', '2023-11-15', 10),
    (31, 60000, 'Monthly Salary', '2023-11-28', 11),
    (32, 12000, 'Bonus', '2023-12-25', 11),
    (33, 600, 'Reimbursement', '2023-11-15', 11),
    (34, 70000, 'Monthly Salary', '2023-11-28', 12),
    (35, 14000, 'Bonus', '2023-12-25', 12),
    (36, 700, 'Reimbursement', '2023-11-15', 12),
    (37, 80000, 'Monthly Salary', '2023-11-28', 13),
    (38, 16000, 'Bonus', '2023-12-25', 13),
    (39, 800, 'Reimbursement', '2023-11-15', 13),
    (40, 90000, 'Monthly Salary', '2023-11-28', 14),
    (41, 18000, 'Bonus', '2023-12-25', 14),
    (42, 900, 'Reimbursement', '2023-11-15', 14),
    (43, 100000, 'Monthly Salary', '2023-11-28', 15),
    (44, 20000, 'Bonus', '2023-12-25', 15),
    (45, 1000, 'Reimbursement', '2023-11-15', 15),
    (46, 65000, 'Monthly Salary', '2023-11-28', 16),
    (47, 13000, 'Bonus', '2023-12-25', 16),
    (48, 650, 'Reimbursement', '2023-11-15', 16),
    (49, 75000, 'Monthly Salary', '2023-11-28', 17),
    (50, 15000, 'Bonus', '2023-12-25', 17),
    (51, 750, 'Reimbursement', '2023-11-15', 17),
    (52, 85000, 'Monthly Salary', '2023-11-28', 18),
    (53, 17000, 'Bonus', '2023-12-25', 18),
    (54, 850, 'Reimbursement', '2023-11-15', 18),
    (55, 95000, 'Monthly Salary', '2023-11-28', 19),
    (56, 19000, 'Bonus', '2023-12-25', 19),
    (57, 950, 'Reimbursement', '2023-11-15', 19),
    (58, 105000, 'Monthly Salary', '2023-11-28', 20),
    (59, 21000, 'Bonus', '2023-12-25', 20),
    (60, 1050, 'Reimbursement', '2023-11-15', 20),
    (61, 70000, 'Monthly Salary', '2023-11-28', 21),
    (62, 14000, 'Bonus', '2023-12-25', 21),
    (63, 700, 'Reimbursement', '2023-11-15', 21),
    (64, 80000, 'Monthly Salary', '2023-11-28', 22),
    (65, 16000, 'Bonus', '2023-12-25', 22),
    (66, 800, 'Reimbursement', '2023-11-15', 22),
    (67, 90000, 'Monthly Salary', '2023-11-28', 23),
    (68, 18000, 'Bonus', '2023-12-25', 23),
    (69, 900, 'Reimbursement', '2023-11-15', 23),
    (70, 100000, 'Monthly Salary', '2023-11-28', 24),
    (71, 20000, 'Bonus', '2023-12-25', 24),
    (72, 1000, 'Reimbursement', '2023-11-15', 24),
    (73, 100000, 'Monthly Salary', '2023-11-28', 25),
    (74, 20000, 'Bonus', '2023-12-25', 25),
    (75, 1000, 'Reimbursement', '2023-11-15', 25);

INSERT INTO `employee_salary_seq` (`next_val`) VALUES (101);
